unique_key,surah_number,ayat_number,arabic_root_word,normalized_arabic_word,translitaration_word,english_word_subject_category,english_word_sub_subject_category,word_sub_category_description,inference_flag,hadith_reference
164,2,232,????????,????????,a at-har,Pure,Virtuous to Marrying Former Husband,The admonition for not preventing wife to marry their husband is for all those who believe in Allah and the Last Day,,
845,2,264, ???????????, ???????????,Aalu,Whom Allah Does Not Guide,Allah Does Not Guide the Disbeliever,Allah Does Not Guide People Who Are Disbeliever,,
691,2,258, ???????????, ???????????,Aalu,Whom Allah Does Not Guide,Allah Does Not Guide the Wrong Doers,Allah does not guide people who are wrong doers,,
603,2,255, ???????????, ???????????,Aalu,Attribute/Names of Allah,"Allah is the Most High, the Most Great","Allah is the Most High, the Most Great",,
756,2,260, ???????????, ???????????,Aalu,Numbers ,Story of Abraham and Bird resurrection,"Allah said: ""Take four birds; Tame them to turn to you and then put a portion of them on every hill and call to them: They will come to thee (Flying) in haste",,
886,2,266, ???????????, ???????????,Aalu,Teaching,No control on your earned resouces,"Does any of you wish that he should have a garden with date-palms and vines and streams flowing underneath, and all kinds of fruit, while he is stricken with old age, and his children are not strong (enough to look after themselves)- that it should be caught in a whirlwind, with fire therein, and be burnt up?",,
841,2,264, ???????????, ???????????,Aalu,Teaching,Wasting charity by reminder of generosity and injury,"O ye who believe! do not make your charity in vain by reminders of your generosity or by injury,- like those who spend their substance to be seen of men, but believe neither in Allah nor in the Last Day. They are in parable like a hard, barren rock, on which is a little soil: on it falls heavy rain, which leaves it (Just) a bare stone. They will be able to do nothing with aught they have earned. And Allah guideth not those who reject faith.",,
595,2,254, ???????????, ???????????,Aalu,Teaching,Spending in the Way of Allah before time runs out,"O ye who believe! Spend out of (the bounties) We have provided for you, before the Day comes when no bargaining (Will avail), nor friendship nor intercession. Those who reject Faith they are the wrong-doers",,
457,2,248,???,???,Aalu,Family,Remnants Left by Moses & Aaron,"The Prophet said that as proof of Saul's authority there shall come to you the Ark wherein is tranquility from your Lord, and the relics left by the family of Moses and Aaron, carried by angels",,
556,2,253,?????,?????,aamana ,Believe,Believer in Allah's Messages,"If Allah had so willed, succeeding generations would not have fought among each other, after clear (Signs) had come to them, but they (chose) to wrangle, some believing and others rejecting. If Allah had so willed, they would not have fought each other; but Allah does what He likes",,
584,2,254,???????,???????,aamanoo ,Believe,Spending in the Way of Allah before time runs out,"O ye who believe! Spend out of (the bounties) We have provided for you, before the Day comes when no bargaining (Will avail), nor friendship nor intercession. Those who reject Faith they are the wrong-doers",,
654,2,257, ???????, ???????,aamanoo ,Believe,Allah is Protector of the believer,Allah is the protector of those who believe and brings them out from darkness into light. Taghut (Evil) is the protector of the disbeliever and brings them out from light into darkness,,
655,2,257, ???????, ???????,aamanoo ,Believer,Allah is Protector of the believer,Allah is the protector of those who believe and brings them out from darkness into light. Taghut (Evil) is the protector of the disbeliever and brings them out from light into darkness,,
733,2,259,?????,?????,'aamin,Years,Uzayr died and was  raised alive after 100 years,"Story of one (Uzayr) who passed by a town all in ruins to its roofs. He said: ""Oh! how shall Allah bring it (ever) to life, after its death?"" Then Allah caused Uzayr to die for a hundred years, then raised him up (again)  and showed him how he brings life to the dead.",,
680,2,258,??????,??????,aataahu,Gave,Dispute between Abraham and Nimrod,Have You not seen the one (Nimrod) who disputed with Abraham because Allah gave Abraham the kingdom,,
567,2,253,????????,????????,aatainaa,Gave,Gave > Jesus > Allah Gave Jesus Clear Proof and Supported him with Holy Spirit,"Those messenger. We blessed some above others: To one of them Allah spoke; others He raised to degrees (of honour); to Jesus the son of Mary We gave clear (Signs), and supported him with the holy spirit.",,
884,2,266,?????????,?????????,aayaati,Signs,Signs made clear for You to Ponder,Allah makes his signs clear so that you may ponder on it,,
728,2,259,?????,?????,Aayata,Sign,Uzayr resurrection was a Sign for the disbeliever,"Allah asked Uzayr: ""How long didst thou tarry (thus)?"" He said: (Perhaps) a day or part of a day."" He said: ""Nay, thou hast tarried thus a hundred years; but look at thy food and thy drink; they show no signs of age; and look at thy donkey: And that We may make of thee a sign unto the people,",,
673,2,258,???????,?????,Aayata,Challenge,Challenge to Make Sun Rise From West,"Abraham said: ""My Lord is He Who Giveth life and death."" Nimrod said: ""I give life and death"". Said Abraham: ""Verily Allah causes the sun to rise from the east: Then cause it to rise from the West."" Thus the disbeliever was confounded",,
674,2,258,???????,?????,Aayata,Claim,Nimrod claimed he gives life & Death ,"Abraham said: ""My Lord is He Who Giveth life and death."" Nimrod said: ""I give life and death"". Said Abraham: ""Verily Allah causes the sun to rise from the east: Then cause it to rise from the West."" Thus the disbeliever was confounded",,
692,2,258,???????,?????,Aayata,Words Used in Pair,East & West,"Abraham said: ""My Lord is He Who Giveth life and death."" Nimrod said: ""I give life and death"". Said Abraham: ""Verily Allah causes the sun to rise from the east: Then cause it to rise from the West."" Thus the disbeliever was confounded",,
693,2,258,???????,?????,Aayata,Words Used in Pair,Life & Death,"Abraham said: ""My Lord is He Who Giveth life and death."" Nimrod said: ""I give life and death"". Said Abraham: ""Verily Allah causes the sun to rise from the east: Then cause it to rise from the West."" Thus the disbeliever was confounded",,
468,2,248,????? ????????,????? ????????,Aayata mulkiheee,Signs of Kingdom,Proof of Saul's kingship,"The Prophet said that as proof of Saul's authority there shall come to you the Ark wherein is tranquility from your Lord, and the relics left by the family of Moses and Aaron, carried by angels",,
388,2,245,?????????? ?????????,?????????? ?????????,ad'aafan kaseerah,Many Times,Reward on Loan to Allah,Who will give Allah a beautiful loan which Allah will double and multiply many times,,
743,2,260,??????????,??????????,ad'uu hunna,Call,Story of Abraham and Bird resurrection,"Allah said: ""Take four birds; Tame them to turn to you and then put a portion of them on every hill and call to them: They will come to thee (Flying) in haste",,
517,2,250,????????,????????,afrigh,Pour,Supplication of Saul,"When Saul'a army advanced to meet Goliath and his forces, they prayed: ""Our Lord! Pour on us patience and make our steps firm: Help us against those who disbelieve",,
443,2,247,???????,???????,ahaqqu,Right,Questioning Saul's Appointment as king,"The Children of Israel objected to the appointment of Saul as their king saying that they had more right and better fitted and also he did not have wealth in abundance?""",,
368,2,243,???????????,???????????,ahyaahum,Restored Life,Resurrection dead in this world,"Allah said to the thousands who fled their homes in fear of death to ""Die"": Then He restored them to life. For Allah is full of bounty to mankind, but Most of them are ungrateful.",,
758,2,260,???????,???????,Aj 'al,Put,Story of Abraham and Bird resurrection,"Allah said: ""Take four birds; Tame them to turn to you and then put a portion of them on every hill and call to them: They will come to thee (Flying) in haste",,
254,2,235,????????,????????,ajalah,Term,Prescribed Term for waiting,"There is no blame on you if you hint of marriage or conceal it. Allah knows that you will remember them: But do not make a secret promise with them except in in speaking in Honourable sayings, nor resolve on the knot of marriage untill the term prescribed is fulfilled.",,
127,2,231,???????????,???????????,ajalahunna,Iddat,Actions during divorce proceedings,"When you divorce women, and they fulfil the term of their ('Iddat), either take them back on equitable terms or set them free on equitable terms; but do not take them back to hur them or transgress against them",,
140,2,231,???????????,???????????,ajalahunna,Term,Actions during divorce proceedings,"When you divorce women, and they fulfil the term of their ('Iddat), either take them back on equitable terms or set them free on equitable terms; but do not take them back to hur them or transgress against them",,
795,2,262,??????????,??????????,ajruhum,Reward,Reward of spending in the Way of Allah without hurting or reminding,"Those who spend their wealth in the way of Allah, and follow not with reminders of their generosity or with injury,-for them their reward is with their Lord:",,
561,2,253, ???????????, ???????????,Akh talafoo,Differ,Difference on Messages sent by Allah,"If Allah had so willed, succeeding generations would not have fought among each other, after clear (Signs) had come to them, but they (chose) to wrangle, some believing and others rejecting. If Allah had so willed, they would not have fought each other; but Allah does what He likes",,
236,2,235,????????????,????????????,aknantum,Conceal,Marriage to a Widow,"There is no blame on you if you hint of marriage or conceal it. Allah knows that you will remember them: But do not make a secret promise with them except in in speaking in Honourable sayings, nor resolve on the knot of marriage untill the term prescribed is fulfilled.",,
364,2,243,???????? ???????? ??? ???????????,???????? ???????? ??? ???????????,aksarannaasi laa yashkuroon,Most Men Are Ungrateful,Most Men are Ungrateful,"Allah said to the thousands who fled their homes in fear of death to ""Die"": Then He restored them to life. For Allah is full of bounty to mankind, but Most of them are ungrateful.",,
365,2,243,???????? ???????? ??? ???????????,???????? ???????? ??? ???????????,aksarannaasi laa yashkuroon,Most Men Thank Not,Most Men are Ungrateful,"Allah said to the thousands who fled their homes in fear of death to ""Die"": Then He restored them to life. For Allah is full of bounty to mankind, but Most of them are ungrateful.",,
607,2,255,?????????,?????????,Al ard,Earth,Heaven & Earth belongs to Allah,Everything in Heaven & Earth belongs to Him,,
331,2,240,?????????,?????????,al hawli,One year,Maintenance of Widow,Those of you who die and leave widows should bequeath for their widows a year's maintenance and residence,,
341,2,240,?????????,?????????,al hawli,Year,Maintenance of Widow,Those of you who die and leave widows should bequeath for their widows a year's maintenance and residence,,
545,2,251,???????????,???????????,al Hikmata,Wisdom,Reward to David,By Allah's permission Saul's army routed them; and David killed Goliath; and Allah gave him power and wisdom and taught him whatever He willed,,
142,2,231,???????????,???????????,al hikmati,Wisdom,Remember His books and wisdom He sent,"Do not treat Allah.s Signs as a jest, but remember Allah's favours on you, and that which He sent down to you of the Book and Wisdom, for your instruction.",,
117,2,231,??????????,??????????,al kitaabi,Book,Remember His books and wisdom He sent,"Do not treat Allah.s Signs as a jest, but remember Allah's favours on you, and that which He sent down to you of the Book and Wisdom, for your instruction.",,
247,2,235,??????????,??????????,al kitaabu,Prescribe,Prescribed Term for waiting,"There is no blame on you if you hint of marriage or conceal it. Allah knows that you will remember them: But do not make a secret promise with them except in in speaking in Honourable sayings, nor resolve on the knot of marriage untill the term prescribed is fulfilled.",,
452,2,248,??????????????,??????????????,al malaaa'ikah,Angels,Carrying remnants Left by Moses & Aaron,"The Prophet said that as proof of Saul's authority there shall come to you the Ark wherein is tranquility from your Lord, and the relics left by the family of Moses and Aaron, carried by angels",,
356,2,243,?????????,?????????,al mawti,Death,Abondoning home for fear of death,"Did you not see those who abandoned their homes, though they were thousands, for fear of death?",,
277,2,236,??????????,??????????,al moosi'i,Wealthy,Divorce compensation,"There is no blame on you if you divorce women before consummation or the fixation of their dower; but bestow on them (a suitable gift), the wealthy according to his means, and the poor according to his means;",,
439,2,247,?????????,?????????,al mulku,Kingdom,Questioning Saul's Appointment as king,"The Children of Israel objected to the appointment of Saul as their king saying that they had more right and better fitted and also he did not have wealth in abundance?""",,
272,2,236,???????????,???????????,al muqtiri,Poor,Divorce compensation,"There is no blame on you if you divorce women before consummation or the fixation of their dower; but bestow on them (a suitable gift), the wealthy according to his means, and the poor according to his means;",,
549,2,252,??????????????,??????????????,al mursaleen,Messenger,Muhammad SAW is a Messenger,These are the Ayats of Allah. we recite to you in truth: Verily you are one of the mesenger,,
344,2,241,?????????????,?????????????,al muttaqeen,God Fearing,Maintenance of Divorced Women,For divorced women Maintenance (should be provided) on a reasonable (scale). This is a duty on the God Fearing,,
190,2,233,??????????,??????????,al waarisi,Heir,Fair Treatment,"No person shall have a burden laid on him greater than he can bear. No mother shall be Treated unfairly on account of her child. Nor father on account of his child, an heir shall be responsible in the same way",,
643,2,256,???????????,???????????,Al wusqaa,Firm,Trustworthy Handhold That Never Breaks ,"Whoever Disbelieves Taghut/evil and believes in Allah has grasped the most trustworthy handhold, that never breaks",,
270,2,236,??????????????,??????????????,alalmuhsineen,Good Doers,Divorce compensation according to means,"Duty on the doer of goods to compensate the wife during divorce. The wealthy according to his means, and the poor according to his means;",,
713,2,259,????????,????????,a'lamu,Know,Allah has Power over everything,"Look further at the bones, how We bring them together and clothe them with flesh."" When this was shown clearly to him, he said: ""I know that Allah hath power over all things.""",,
559,2,253,?????????????,?????????????,Albaiyinaatu,Clear Proofs,Difference on Messages sent by Allah,"If Allah had so willed, succeeding generations would not have fought among each other, after clear (Signs) had come to them, but they (chose) to wrangle, some believing and others rejecting. If Allah had so willed, they would not have fought each other; but Allah does what He likes",,
131,2,231,???????,???????,Aleem,Knower,Allah knows everything,"And fear Allah, and know that Allah is the knower of everything",,
767,2,261,???????,???????,'Aleem,All Knower,Attribute/Names of Allah,"Allah is All Encompassing, All Knower",,
633,2,256,???????,???????,'Aleem,All Knower,Attribute/Names of Allah,"Allah is All Hearer, All Knower",,
290,2,237,?????????,?????????,alfadla,Grace,Grace Between Husband & Wife ,And do not forget the graciousness between yourselves. For Allah sees well all that you do.,,
652,2,256,????????,????????,Alghayy,Wrong,Right Path is Distinct from the Wrong ,Verily the right has become distinct from the Wrong,,
440,2,247,?????????,?????????,al'ilmi,Knowledge,Justification for choosing Saul as king,"The Prophet said: ""(Allah) hath Chosen him (Saul) above you, and has increased him abundantly in knowledge and physique and that grants His kingdom to whom He wills.",,
619,2,255,??????????,??????????,Aliyyul ,Most High,Attribute/Names of Allah,"Allah is the Most High, the Most Great",,
699,2,259, ??????????, ??????????,al'izaami ,Bones,Proof shown to Uzayr on resurrection,"Look further at the bones, how We bring them together and clothe them with flesh."" When this was shown clearly to him, he said: ""I know that Allah hath power over all things.""",,
441,2,247,?????????,?????????,aljismi,Physique,Justification for choosing Saul as king,"The Prophet said: ""(Allah) hath Chosen him (Saul) above you, and has increased him abundantly in knowledge and physique and that grants His kingdom to whom He wills.",,
814,2,264,???????,???????,allaahu,Allah,Allah Does Not Guide the Disbeliever,Allah Does Not Guide People Who Are Disbeliever,,
769,2,261,???????,???????,Allaahu,Allah,"Allah is All Encompassing, All Knower","Allah is All Encompassing, All Knower",,
800,2,263,???????,???????,allaahu,Allah,Allah is All Rich and Most Forbearing,Allah is All Rich and Most Forbearing,,
600,2,255,???????,???????,allaahu,Allah,Oneness of Allah,"Allah. There is no god but He, the Ever Living, All Sustainer",,
768,2,261,???????,???????,Allaahu,Allah,Reward of spending in the Way of Allah,"The example of those who spend their wealth in the way of Allah is that of a grain of corn: it groweth seven ears, and each ear Has a hundred grains. ",,
554,2,253,???????,???????,allaahu,Allah,Some Messengers blessed Over Others,"Those messenger. We blessed some above others: To one of them Allah spoke; others He raised to degrees (of honour); to Jesus the son of Mary We gave clear (Signs), and supported him with the holy spirit.",,
896,2,267, ??????? ?, ??????? ?,Allaahu ,Allah,Allah is All Rich and All Praise Worthy,Know that Allah is All Rich and All Praise Worthy,,
848,2,265, ???????, ???????,Allaahu ,Allah,Spending to seek Allah's pleasure,"And the example of those who spend their wealth seeking to please Allah and to strengthen their souls, is like a garden, high and fertile: heavy rain falls on and makes it yield a double increase of harvest, and if it receives not Heavy rain but light rain, it suffices",,
869,2,266,???????,???????,Allaahu ,Allah,Allah Makes His Signs Clear for You to Ponder,Allah makes his signs clear so that you may ponder on it,,
149,2,232,??????? ???????? ?????????? ??? ???????????,??????? ???????? ?????????? ??? ???????????,Allaahu ya'lamu wa antum laa ta'lamoon,Allah Knows & You Don’t Know,Allah knows and you don’t,The admonition for not preventing wife to marry their husband is for all those who believe in Allah and the Last Day,,
635,2,256,???????,???????,Allaahu ,Allah,"Allah > Attributes > All Hearer, All Knower","Allah is All Hearer, All Knower",,
653,2,257,???????,???????,Allaahu ,Allah,Allah is Protector of the believer,Allah is the protector of those who believe and brings them out from darkness into light. Taghut (Evil) is the protector of the disbeliever and brings them out from light into darkness,,
634,2,256,???????,???????,Allaahu ,Allah,Belief in Allah  ,"Whoever Disbelieves Taghut/evil and believes in Allah has grasped the most trustworthy handhold, that never breaks",,
737,2,260,???????,???????,Allah,Allah,"Allah is All Mighty, All Wise","Know that Allah is All Mighty, All Wise",,
697,2,259, ???????, ???????,Allahu,Allah,Allah has Power over everything,"Look further at the bones, how We bring them together and clothe them with flesh."" When this was shown clearly to him, he said: ""I know that Allah hath power over all things.""",,
671,2,258,???????,???????,Allahu,Allah,Allah Does Not Guide the Wrong Doers,Allah does not guide people who are wrong doers,,
696,2,259,???????,???????,Allahu,Allah,Allah Gives Life & Death ,"Story of one (Uzayr) who passed by a town all in ruins to its roofs. He said: ""Oh! how shall Allah bring it (ever) to life, after its death?"" Then Allah caused Uzayr to die for a hundred years, then raised him up (again)  and showed him how he brings life to the dead.",,
544,2,251,?????????,?????????,allamahoo,Teach,Reward to David,By Allah's permission Saul's army routed them; and David killed Goliath; and Allah gave him power and wisdom and taught him whatever He willed,,
317,2,239,???????????,???????????,allamakum,Teach,Remembering Allah in prayer,"If ye fear (an enemy), pray on foot, or riding, but when ye are in security remember Allah in the manner He has taught you and which you did not know before",,
183,2,233,????????????,????????????,almawloodi,Father,Fathers responsibility during suckling period,Father should provide the cost of food and clothing to the divorced mother for 2 years if they decide on mother suckling the baby. No father shall be treated unfairly on account of the child,,
535,2,251,?????????,?????????,almulka,Kingdom,Reward to David,By Allah's permission Saul's army routed them; and David killed Goliath; and Allah gave him power and wisdom and taught him whatever He willed,,
193,2,233,?????????????,?????????????,alwaa lidaatu,Mother,Suckling period for mother,"The mothers shall give suckle to their children for two whole years, if the father desires to complete the term. But he shall bear the cost of their food and clothing on equitable terms.",,
707,2,259,???????????,???????????,amaatahu,Die,Uzayr died and was  raised alive after 100 years,"Story of one (Uzayr) who passed by a town all in ruins to its roofs. He said: ""Oh! how shall Allah bring it (ever) to life, after its death?"" Then Allah caused Uzayr to die for a hundred years, then raised him up (again)  and showed him how he brings life to the dead.",,
776,2,261,??????????,??????????,ambatat,Grows,Similitude of reward for spending in the Way of Allah,"The example of those who spend their wealth in the way of Allah is that of a grain of corn: it groweth seven ears, and each ear Has a hundred grains. ",,
316,2,239,??????????,??????????,amintum,Secure,Prayer in Fear ,"If ye fear (an enemy), pray on foot, or riding, but when ye are in security remember Allah in the manner He has taught you and which you did not know before",,
866,2,265,?????????????,?????????????,amwaalahu ,Wealth,Spending to seek Allah's pleasure,"And the example of those who spend their wealth seeking to please Allah and to strengthen their souls, is like a garden, high and fertile: heavy rain falls on and makes it yield a double increase of harvest, and if it receives not Heavy rain but light rain, it suffices",,
785,2,261,?????????????,?????????????,amwaalahum,Wealth,Reward of spending in the Way of Allah,"The example of those who spend their wealth in the way of Allah is that of a grain of corn: it groweth seven ears, and each ear Has a hundred grains. ",,
798,2,262,?????????????,?????????????,amwaalahum,Wealth,Reward of spending in the Way of Allah without hurting or reminding,"Those who spend their wealth in the way of Allah, and follow not with reminders of their generosity or with injury,-for them their reward is with their Lord:",,
638,2,256,??????????,??????????,an fisaama,Break,Trustworthy Handhold That Never Breaks ,"Whoever Disbelieves Taghut/evil and believes in Allah has grasped the most trustworthy handhold, that never breaks",,
830,2,264,????????,????????,an naas,Men,Spending for showoff,"Those who give charity and follow with reminders of your generosity or by injury is like those who spend their wealth to be seen of men, but believe neither in Allah nor in the Last Day. ",,
243,2,235,??????????,??????????,an nikaahi,Marriage,Marriage to a Widow,"There is no blame on you if you hint of marriage or conceal it. Allah knows that you will remember them: But do not make a secret promise with them except in in speaking in Honourable sayings, nor resolve on the knot of marriage untill the term prescribed is fulfilled.",,
143,2,231,??????????,??????????,an nisaaa'a,Women,Actions during divorce proceedings,"When you divorce women, and they fulfil the term of their ('Iddat), either take them back on equitable terms or set them free on equitable terms; but do not take them back to hur them or transgress against them",,
887,2,266,?????????,?????????,a'naabin,Vine,Similitude on control of earned resources,"Does any of you wish that he should have a garden with date-palms and vines and streams flowing underneath, and all kinds of fruit, while he is stricken with old age, and his children are not strong (enough to look after themselves)- that it should be caught in a whirlwind, with fire therein, and be burnt up?",,
594,2,254,??????????,??????????,anfiqoo,Spend,Spending in the Way of Allah before time runs out,"O ye who believe! Spend out of (the bounties) We have provided for you, before the Day comes when no bargaining (Will avail), nor friendship nor intercession. Those who reject Faith they are the wrong-doers",,
863,2,265,????????????,????????????,anfusihim,Soul,Spending to strenghten soul,"And the example of those who spend their wealth seeking to please Allah and to strengthen their souls, is like a garden, high and fertile: heavy rain falls on and makes it yield a double increase of harvest, and if it receives not Heavy rain but light rain, it suffices",,
500,2,249,?????????,?????????,anigh tarafa,Take,Testing army of Saul,"When Talut (Saul) set forth with the armies, he said: ""(Allah) will test you at the river: if any drinks of its water, he is not of me: Only those who taste not of it go with me: A mere sip out of the hand is excused."" but they all drank of it, except a few.",,
513,2,250,??????????,??????????,ansurnaa,Help,Supplication of Saul,"When Saul'a army advanced to meet Goliath and his forces, they prayed: ""Our Lord! Pour on us patience and make our steps firm: Help us against those who disbelieve",,
519,2,250,????????????,????????????,aqdaamanaa,Steps,Supplication of Saul,"When Saul'a army advanced to meet Goliath and his forces, they prayed: ""Our Lord! Pour on us patience and make our steps firm: Help us against those who disbelieve",,
564,2,253,?????????,?????????,aqtatala,Fight,Allah's will on Fighting ,"If Allah had so willed, succeeding generations would not have fought among each other, after clear (Signs) had come to them, but they (chose) to wrangle, some believing and others rejecting. If Allah had so willed, they would not have fought each other; but Allah does what He likes",,
571,2,253,?????????,?????????,ar Rusulu,Messenger,Some Messengers blessed Over Others,"Those messenger. We blessed some above others: To one of them Allah spoke; others He raised to degrees (of honour); to Jesus the son of Mary We gave clear (Signs), and supported him with the holy spirit.",,
572,2,253,?????????,?????????,ar Rusulu,Messenger,No Superiority of Messenger ,"Those messenger. We blessed some above others: To one of them Allah spoke; others He raised to degrees (of honour); to Jesus the son of Mary We gave clear (Signs), and supported him with the holy spirit.",,
747,2,260,??????????,??????????,arab'atam,Four,Story of Abraham and Bird resurrection,"Allah said: ""Take four birds; Tame them to turn to you and then put a portion of them on every hill and call to them: They will come to thee (Flying) in haste",,
217,2,234,?????????? ???????? ????????,?????????? ???????? ????????,arba'ata ashhurinw wa 'ashran,Four Months and Ten Days,Waiting Period for a Widow,"Those who die, the Waiting period for widow is 4 months and 10 days (For pregnant widow - waiting ends when she delivers). After the waiting period, the widow can remarry",,
902,2,267,?????????,?????????,ardi ,Earth,Spend of The Good Things that the Earth Produces,"O ye who believe! Spend of the good things which you have earned, and of the produce from earth and do not aim at that which is bad, in order that you may spend of it but you yourself would not receive it except with closed eyes.",,
762,2,260,???????,???????,arinee,Show ,Bringing dead alive,"Behold! Abraham said: ""My Lord! Show me how You give life to the dead."" ",,
237,2,235,???????????,???????????,arradtum,Hint,Marriage to a Widow,"There is no blame on you if you hint of marriage or conceal it. Allah knows that you will remember them: But do not make a secret promise with them except in in speaking in Honourable sayings, nor resolve on the knot of marriage untill the term prescribed is fulfilled.",,
648,2,256,?????????,?????????,Arrushdu,Right,Right Path is Distinct from the Wrong ,Verily the right has become distinct from the Wrong,,
492,2,249,?????????????,?????????????,as saabireen,Patient,Allah is With those who Are Patient,Allah is with those who are patient,,
303,2,238,?????????? ???????????,?????????? ???????????,as Salaatil Wustaa,Middle Prayer,Guard Your Prayer,"Guard strictly your (habit of) prayers, especially the Middle Prayer; (Some Ulema consider this to be Asr prayer). And stand before Allah in obedience",Hadith on Asr being middle Prayer Plus Other view,
305,2,238,????????????,????????????,as salawaati,Prayer,Guard Your Prayer,"Guard strictly your (habit of) prayers, especially the Middle Prayer; (Some Ulema consider this to be Asr prayer). And stand before Allah in obedience",,
434,2,247,??????????,??????????,as tafaahu,Chose,Justification for choosing Saul as king,"The Prophet said: ""(Allah) hath Chosen him (Saul) above you, and has increased him abundantly in knowledge and physique and that grants His kingdom to whom He wills.",,
853,2,265,??????????,??????????,asaabahaa,Falls,Similitude of a charity to please Allah,"And the example of those who spend their wealth seeking to please Allah and to strengthen their souls, is like a garden, high and fertile: heavy rain falls on and makes it yield a double increase of harvest, and if it receives not Heavy rain but light rain, it suffices",,
885,2,266,????????????,????????????,asaabahaaa ,Strikes,Similitude on control of earned resources,"Does any of you wish that he should have a garden with date-palms and vines and streams flowing underneath, and all kinds of fruit, while he is stricken with old age, and his children are not strong (enough to look after themselves)- that it should be caught in a whirlwind, with fire therein, and be burnt up?",,
876,2,266,????????? ,????????? ,asaabahul ,Falls,Similitude on control of earned resources,"Does any of you wish that he should have a garden with date-palms and vines and streams flowing underneath, and all kinds of fruit, while he is stricken with old age, and his children are not strong (enough to look after themselves)- that it should be caught in a whirlwind, with fire therein, and be burnt up?",,
413,2,246,??????????,??????????,asaitum,Perhaps,Turning back on prescribed fighting,The Prophet responded to the chiefs of the children of Israel by saying that is it possible that you will not fight if fighting is prescribed for you,,
656,2,257,????????? ????????,????????? ????????,Ashaabun Naari,Companion of Fire,Disbeliever are Companion of Fire for Eternity,"Disbelievers will be companion of fire, to dwell therein for eternity",,
614,2,255,?????????????,?????????????,Assamaawaati ,Heaven ,Heaven & Earth belongs to Allah,Everything in Heaven & Earth belongs to Him,,
453,2,248,???????????,???????????,at Taabootu,Ark,Proof of Saul's kingship,"The Prophet said that as proof of Saul's authority there shall come to you the Ark wherein is tranquility from your Lord, and the relics left by the family of Moses and Aaron, carried by angels",,
298,2,237,????????????,????????????,attaqwaa,Righteousness,Remision of divorce payment,"And if you divorce them before consummation, but after the fixation of a dower, then half of the dower (Is due to the wife), unless they remit it or (the man's half) is remitted by him in whose hands is the marriage tie; and the remission (of the man's half) is the nearest to righteousness",,
174,2,233,??????????????,??????????????,awlaada hunna,Children,Suckling period for mother,"The mothers shall give suckle to their offspring for two whole years, if the father desires to complete the term. But he shall bear the cost of their food and clothing on equitable terms.",,
890,2,266,?????????,?????????,Ayawaddu,Wish,Similitude on control of earned resources,"Does any of you wish that he should have a garden with date-palms and vines and streams flowing underneath, and all kinds of fruit, while he is stricken with old age, and his children are not strong (enough to look after themselves)- that it should be caught in a whirlwind, with fire therein, and be burnt up?",,
579,2,253,????????????,????????????,ayyadnaahu,Supported,Jesus given Clear Proof and Supported with Holy Spirit,"Those messenger. We blessed some above others: To one of them Allah spoke; others He raised to degrees (of honour); to Jesus the son of Mary We gave clear (Signs), and supported him with the holy spirit.",,
827,2,264,?????????,?????????,azaa,Injury,Wasting charity by reminder of generosity and injury,"O ye who believe! do not make your charity in vain by reminders of your generosity or by injury,- ",,
806,2,263,???,???,azaa,Injury,Kind Words and Forgiveness is Better Than Charity Followed with Injury,Kind Words and Forgiveness is Better Than Charity Followed with Ijury,,
791,2,262,?????,?????,azal,Injury,Reward of spending in the Way of Allah without hurting or reminding,"Those who spend their wealth in the way of Allah, and follow not with reminders of their generosity or with injury,-for them their reward is with their Lord:",,
618,2,255,??????????,??????????,'Azeem,Most Great,Attribute/Names of Allah,"Allah is the Most High, the Most Great",,
735,2,260,???????,???????,'Azeezun,All Mighty,Attribute/Names of Allah,"Know that Allah is All Mighty, All Wise",,
251,2,235,?????????,?????????,a'zimoo,Resolve,Marriage to a Widow,"There is no blame on you if you hint of marriage or conceal it. Allah knows that you will remember them: But do not make a secret promise with them except in in speaking in Honourable sayings, nor resolve on the knot of marriage untill the term prescribed is fulfilled.",,
168,2,232,????????,????????,azkaa,Virtuous,Virtuous to Marrying Former Husband,Not preventing women from marrying their husband is more virtuous and purer for you. Allah knows and you don’t know,,
337,2,240,??????????,??????????,azwaajanw,Widow,Maintenance of Widow,Those of you who die and leave widows should bequeath for their widows a year's maintenance and residence,,
338,2,240,??????????,??????????,azwaajanw,Wife,Obligation towards wife,Those of you who die and leave widows should bequeath for their widows a year's maintenance and residence,,
576,2,253,????? ????????,????? ????????,b na Maryama,Son of Mary,Jesus given Clear Proof and Supported with Holy Spirit,"Those messenger. We blessed some above others: To one of them Allah spoke; others He raised to degrees (of honour); to Jesus the son of Mary We gave clear (Signs), and supported him with the holy spirit.",,
722,2,259, ????????, ????????,ba'asaho,Raise,Uzayr died and was  raised alive after 100 years,"Story of one (Uzayr) who passed by a town all in ruins to its roofs. He said: ""Oh! how shall Allah bring it (ever) to life, after its death?"" Then Allah caused Uzayr to die for a hundred years, then raised him up (again)  and showed him how he brings life to the dead.",,
725,2,259, ????????, ????????,ba'asaho,Resurrect ,Uzayr died and was  raised alive after 100 years,"Story of one (Uzayr) who passed by a town all in ruins to its roofs. He said: ""Oh! how shall Allah bring it (ever) to life, after its death?"" Then Allah caused Uzayr to die for a hundred years, then raised him up (again)  and showed him how he brings life to the dead.",,
573,2,253,?????????? ?????? ??????,?????????? ?????? ??????,ba'dahum 'alaa ba'd,One Another,Some Messengers blessed Over Others,"Those messenger. We blessed some above others: To one of them Allah spoke; others He raised to degrees (of honour); to Jesus the son of Mary We gave clear (Signs), and supported him with the holy spirit.",,
537,2,251,?????????? ????????,?????????? ????????,ba'dahum biba'di,One Another,Checks and Balances to control Mischief,"And if Allah did not Check one set of people by means of another, the earth would indeed be full of mischief: But Allah is full of bounty to all the worlds.",,
605,2,255, ?????? ???????????, ?????? ???????????,baina aydeehim,Before Them,Allah knows everything,He knows what is before them and after them and none can encompass anything of His knowledge except that which He wills,,
151,2,232,??????????,??????????,bainahum,Between,Actions during divorce proceedings,"When you divorce women, and they fulfil the term of their ('Iddat), do not prevent them from marrying their (former) husbands, if they mutually agree on equitable terms.",,
582,2,254,??????,??????,bai'un,Bargaining,No Bargaining on Judgement Day,"O ye who believe! Spend out of (the bounties) We have provided for you, before the Day comes when no bargaining (Will avail), nor friendship nor intercession. Those who reject Faith they are the wrong-doers",,
558,2,253,?????????????,?????????????,baiyinaati,Clear Proofs,Jesus given Clear Proof and Supported with Holy Spirit,"Those messenger. We blessed some above others: To one of them Allah spoke; others He raised to degrees (of honour); to Jesus the son of Mary We gave clear (Signs), and supported him with the holy spirit.",,
464,2,248,?????????,?????????,baqiyyatum,Remnant,Remnants Left by Moses & Aaron,"The Prophet said that as proof of Saul's authority there shall come to you the Ark wherein is tranquility from your Lord, and the relics left by the family of Moses and Aaron, carried by angels",,
504,2,250,???????,???????,barazoo,Advance,Fighting Goliath,"When Saul'a army advanced to meet Goliath and his forces, they prayed: ""Our Lord! Pour on us patience and make our steps firm: Help us against those who disbelieve",,
847,2,265,???????,???????,Baseer,All Seer,Allah Sees All That You Do,Allah sees all that you do,,
862,2,265,???????,???????,Baseer,Sees,Allah Sees All That You Do,Allah sees all that you do,,
